UA_early_WK,H_W,R2,E_2_14_kJ
21.850587405767076,144.1383356975033,0.9763549097955329,280.17966673645947
