dataset,window_min,E_HX_kJ
nomix,2.0-12.0,126.20446727180882
mixed,2.0-12.0,128.88905558518397
