DeltaT_median_10-14_min_C,DeltaT_median_2-6_min_C,DeltaT_median_6-10_min_C,P_median_10-14_min_W,P_median_2-6_min_W,P_median_6-10_min_W,UA_median_10-14_min_W_per_K,UA_median_2-6_min_W_per_K,UA_median_6-10_min_W_per_K,configuration,cp_J_per_K,digitized_trace_count,duration_min,energy_kJ,energy_window_min,extracted_png_count,extracted_text_output_count,filename,fit_UA_W_per_K,fit_deltaT_mean_C,fit_power_W,fit_slope_C_per_min,fit_window_min,heat_leak_W,heat_leak_W_used,hx_area_m2,sample_count,source_cells,source_status,start_s,target_energy_kJ,target_fit_power_W,target_heat_leak_W,temperature_reconstruction_method
8.13275017642129,2.664425229160969,5.006466436035868,333.3280362699287,177.02074653317555,295.9013747258396,41.45078139488277,58.681073117015075,57.14409323956502,mixed,16660.0,18,21.958832999999995,147.70618299999953,2-12,18,30,log_20251023_140530-mixed.csv,18.446544595392716,16.93,312.29999999999865,-1.0710864345738247,5-20,,14.895,0.12,1312,"analysis/docs/HX_performance_analysis.ipynb cells 9, 11, 12, 14, 16, 17, 21",reconstructed,1525.6,147.706183,312.3,,digitized_power_plot_with_temperature_channel_alignment
26.946765204969033,30.834365417354388,28.592250316262348,133.01509234664047,212.48713332422284,152.3463864238075,5.001744546606827,6.89786403767132,5.387577857250924,mixed_auto,16660.0,18,12.377633,103.12595499999988,2-12,18,30,log_20251023_142833-mixed_auto.csv,5.713796644984585,29.210000000000004,166.89999999999975,-0.547436974789915,2-12,,14.895,0.12,740,"analysis/docs/HX_performance_analysis.ipynb cells 9, 11, 12, 14, 16, 17, 21",reconstructed,2906.5,103.125955,166.9,,digitized_power_plot_with_temperature_channel_alignment
129.97156769655427,85.17578793698063,143.72200040830563,21.458391593326827,786.159397262094,597.9854913098291,0.17102378379338584,10.019261911910927,4.163327853321625,mixed_60psi,16660.0,18,10.532717,307.2651330000026,2-10.5327,18,30,log_20251024_142037_mixed60psi.csv,7.25158362484633,105.77000000000001,766.9999999999965,-2.708661464585822,2-8,,14.895,0.12,630,"analysis/docs/HX_performance_analysis.ipynb cells 9, 11, 12, 14, 16, 17, 21",reconstructed,974.6,307.265133,767.0,,digitized_power_plot_with_temperature_channel_alignment
,,,,,,,,,warmup,16660.0,18,132.94474999999997,,,18,30,log_20251023_154857-warmup2.csv,,,,,,14.894999999999987,14.895,0.12,7938,analysis/docs/HX_performance_analysis.ipynb cells 5 and 7,reconstructed,7722.399,,,14.895,
